{"count":1,"self":1.9151373999999999,"total":15.910791,"children":{"InitializeActuators":{"count":8,"self":0.0069954,"total":0.0069954,"children":null},"InitializeSensors":{"count":8,"self":0.0149901,"total":0.0149901,"children":null},"AgentSendState":{"count":223,"self":13.2828568,"total":13.3258307,"children":{"CollectObservations":{"count":600,"self":0.022990399999999998,"total":0.022990399999999998,"children":null},"WriteActionMask":{"count":600,"self":0.0029990999999999998,"total":0.0029990999999999998,"children":null},"RequestDecision":{"count":600,"self":0.013989699999999999,"total":0.0169843,"children":{"RayPerceptionSensor.Perceive":{"count":75,"self":0.0029946,"total":0.0029946,"children":null}}}}},"DecideAction":{"count":223,"self":0.6358446,"total":0.63884319999999994,"children":{"RayPerceptionSensor.Perceive":{"count":525,"self":0.0029985999999999997,"total":0.0029985999999999997,"children":null}}},"AgentAct":{"count":223,"self":0.0039977,"total":0.0039977,"children":null}},"gauges":{},"metadata":{"timer_format_version":"0.1.0","start_time_seconds":"1629524753","unity_version":"2020.3.15f2","command_line_arguments":"C:\\Projects\\Unity\\Ziyuukenkyu2021\\ml-agents\\Pacman\\Pacman.exe","communication_protocol_version":"1.5.0","com.unity.ml-agents_version":"2.1.0-exp.1","scene_name":"Pacman","end_time_seconds":"1629524769"}}